伝票日,営業所,店舗,品名,材質,厚み,W,D,枚数,加工,納期,備考
2026/10/06,京都,松屋四条,作業台天板,SUS304,1.5,1800,750,2,前R,2026/10/14,既存台の入替
2026/10/06,京都,松屋四条,壁付棚板,SUS304,1.2,900,350,1,なし,2026/10/14,
2026/10/06,京都,松屋河原町,ガス台天板,SUS304,1.5,900,750,1,バーナー穴3,2026/10/15,φ48
2026/10/06,京都,松屋山科,シンク台天板,SUS304,1.5,1500,750,1,シンク穴1,2026/10/16,穴位置図別紙
2026/10/06,奈良,松屋奈良,作業台天板,SUS304,1.5,1800,750,1,前R,2026/10/14,
2026/10/06,奈良,松屋奈良,作業台天板,SUS304,1.5,1200,750,1,なし,2026/10/14,
2026/10/06,奈良,松屋生駒,ソイルド天板,SUS304,1.5,600,750,2,なし,2026/10/17,ダスト横
2026/10/06,奈良,松屋橿原,ガス台天板,SUS304,1.5,750,600,1,バーナー穴2,2026/10/17,
2026/10/06,和歌山,松屋和歌山,作業台天板,SUS304,1.5,2100,750,1,前R+穴2,2026/10/15,
2026/10/06,和歌山,松屋海南,シンク台天板,SUS304,1.5,1200,750,1,シンク穴1,2026/10/16,
2026/10/06,和歌山,松屋田辺,壁付棚板,SUS304,1.2,1200,300,2,なし,2026/10/20,
2026/10/06,滋賀,松屋大津,作業台天板,SUS304,1.5,1500,750,2,前R,2026/10/14,
2026/10/06,滋賀,松屋草津,ガス台天板,SUS304,1.5,900,750,1,バーナー穴3,2026/10/15,φ48
2026/10/06,滋賀,松屋彦根,ソイルド天板,SUS304,1.5,750,750,1,なし,2026/10/18,
2026/10/06,南大阪,松屋堺東,作業台天板,SUS304,1.5,1800,750,1,前R,2026/10/14,
2026/10/06,南大阪,松屋堺東,シンク台天板,SUS304,1.5,1800,750,1,シンク穴2,2026/10/14,二槽
2026/10/06,南大阪,松屋阿倍野,ガス台天板,SUS304,1.5,1200,750,1,バーナー穴4,2026/10/16,
2026/10/06,南大阪,松屋東大阪,作業台天板,SUS304,1.5,900,600,3,なし,2026/10/17,サブ台
